{
  "slug": "jeans",
  "n_ground_truth_images": 3,
  "configs": {
    "flux_v1_title_clip": {
      "in_loop_best_q": 0.2824607193470001,
      "in_loop_best_idx": 2,
      "iters_taken_per_image": [
        10,
        4,
        4
      ],
      "qualities": [
        0.27185994386672974,
        0.24465642869472504,
        0.2824607193470001
      ],
      "descriptivenesses": [
        65.0,
        65.0,
        60.0
      ],
      "agent_run_present": true,
      "clip_img_vs_gt_mean": 0.8946585456530253,
      "clip_img_vs_gt_max": 0.9108021855354309,
      "dinov2_vs_gt_mean": 0.4799200197060903,
      "dinov2_vs_gt_max": 0.5378353595733643,
      "siglip_vs_gt_mean": 0.7599125305811564,
      "siglip_vs_gt_max": 0.7711732387542725,
      "clip_per_image": [
        0.8781220316886902,
        0.9108021855354309,
        0.8950514197349548
      ],
      "dinov2_per_image": [
        0.4320049583911896,
        0.46991974115371704,
        0.5378353595733643
      ],
      "siglip_per_image": [
        0.7516344785690308,
        0.756929874420166,
        0.7711732387542725
      ],
      "gen_image_present": true,
      "gen_features_vs_initial": 0.31258741258741257,
      "gen_features_vs_ground_truth": 0.6944444444444445,
      "gen_per_field_vs_initial": {
        "primary_colors": 1.0,
        "materials": 0.0,
        "decorative_elements": 0.0,
        "visible_parts": 0.2,
        "finish": 0.0,
        "texture": 0.0,
        "size_descriptor": 0.0,
        "brand_visibility": 1.0,
        "measurements": 0.0,
        "product_type": 0.5,
        "shape_and_form": 0.22727272727272727,
        "brand_description": 1.0,
        "overall_aesthetic": 0.13636363636363635
      },
      "gen_per_field_vs_ground_truth": {
        "primary_colors": 1.0,
        "materials": 1.0,
        "decorative_elements": 0.0,
        "visible_parts": 0.75,
        "finish": 1.0,
        "texture": 1.0,
        "size_descriptor": 1.0,
        "brand_visibility": 0.0,
        "measurements": 1.0,
        "product_type": 0.5,
        "shape_and_form": 1.0,
        "brand_description": 0.0,
        "overall_aesthetic": 0.7777777777777778
      },
      "gen_features_present": true,
      "conv_features_vs_initial": 0.4635040779205539,
      "conv_features_vs_ground_truth": 0.13954635108481261,
      "conv_per_field_vs_initial": {
        "primary_colors": 0.0,
        "materials": 0.5,
        "decorative_elements": 0.0,
        "visible_parts": 0.0,
        "finish": 1.0,
        "texture": 1.0,
        "size_descriptor": 1.0,
        "brand_visibility": 1.0,
        "measurements": 0.0,
        "product_type": 0.3333333333333333,
        "shape_and_form": 0.10526315789473684,
        "brand_description": 1.0,
        "overall_aesthetic": 0.08695652173913043
      },
      "conv_per_field_vs_ground_truth": {
        "primary_colors": 0.0,
        "materials": 0.0,
        "decorative_elements": 0.0,
        "visible_parts": 0.0,
        "finish": 0.0,
        "texture": 0.0,
        "size_descriptor": 0.0,
        "brand_visibility": 0.0,
        "measurements": 1.0,
        "product_type": 0.3333333333333333,
        "shape_and_form": 0.25,
        "brand_description": 0.0,
        "overall_aesthetic": 0.23076923076923078
      },
      "conv_features_present": true
    },
    "flux_v2_initial_prompt_clip": {
      "in_loop_best_q": 0.32563450932502747,
      "in_loop_best_idx": 0,
      "iters_taken_per_image": [
        10,
        3,
        3
      ],
      "qualities": [
        0.32563450932502747,
        0.31186342239379883,
        0.32097455859184265
      ],
      "descriptivenesses": [
        65.0,
        55.0,
        55.0
      ],
      "agent_run_present": true,
      "clip_img_vs_gt_mean": 0.8531873424847921,
      "clip_img_vs_gt_max": 0.8789048194885254,
      "dinov2_vs_gt_mean": 0.438801646232605,
      "dinov2_vs_gt_max": 0.49197763204574585,
      "siglip_vs_gt_mean": 0.7418056130409241,
      "siglip_vs_gt_max": 0.7548403143882751,
      "clip_per_image": [
        0.8414422273635864,
        0.8789048194885254,
        0.8392149806022644
      ],
      "dinov2_per_image": [
        0.38957691192626953,
        0.43485039472579956,
        0.49197763204574585
      ],
      "siglip_per_image": [
        0.7548403143882751,
        0.7260962724685669,
        0.7444802522659302
      ],
      "gen_image_present": true,
      "gen_features_vs_initial": 0.5032608695652174,
      "gen_features_vs_ground_truth": 0.49667437825332567,
      "gen_per_field_vs_initial": {
        "primary_colors": 1.0,
        "materials": 0.0,
        "decorative_elements": 0.0,
        "visible_parts": 0.2,
        "finish": 1.0,
        "texture": 0.0,
        "size_descriptor": 1.0,
        "brand_visibility": 1.0,
        "measurements": 0.0,
        "product_type": 1.0,
        "shape_and_form": 0.21739130434782608,
        "brand_description": 1.0,
        "overall_aesthetic": 0.125
      },
      "gen_per_field_vs_ground_truth": {
        "primary_colors": 1.0,
        "materials": 1.0,
        "decorative_elements": 0.0,
        "visible_parts": 0.75,
        "finish": 0.0,
        "texture": 1.0,
        "size_descriptor": 0.0,
        "brand_visibility": 0.0,
        "measurements": 1.0,
        "product_type": 1.0,
        "shape_and_form": 0.42105263157894735,
        "brand_description": 0.0,
        "overall_aesthetic": 0.2857142857142857
      },
      "gen_features_present": true,
      "conv_features_vs_initial": 0.4785762483130904,
      "conv_features_vs_ground_truth": 0.13414304993252363,
      "conv_per_field_vs_initial": {
        "primary_colors": 0.0,
        "materials": 0.5,
        "decorative_elements": 0.0,
        "visible_parts": 0.0,
        "finish": 1.0,
        "texture": 1.0,
        "size_descriptor": 1.0,
        "brand_visibility": 1.0,
        "measurements": 0.0,
        "product_type": 0.3333333333333333,
        "shape_and_form": 0.2631578947368421,
        "brand_description": 1.0,
        "overall_aesthetic": 0.125
      },
      "conv_per_field_vs_ground_truth": {
        "primary_colors": 0.0,
        "materials": 0.0,
        "decorative_elements": 0.0,
        "visible_parts": 0.0,
        "finish": 0.0,
        "texture": 0.0,
        "size_descriptor": 0.0,
        "brand_visibility": 0.0,
        "measurements": 1.0,
        "product_type": 0.3333333333333333,
        "shape_and_form": 0.21052631578947367,
        "brand_description": 0.0,
        "overall_aesthetic": 0.2
      },
      "conv_features_present": true
    },
    "flux_v3_initial_prompt_features": {
      "in_loop_best_q": 0.5032608695652174,
      "in_loop_best_idx": 0,
      "iters_taken_per_image": [
        10,
        2,
        2
      ],
      "qualities": [
        0.5032608695652174,
        0.4240194588020675,
        0.4242673992673993
      ],
      "descriptivenesses": [
        65.0,
        65.0,
        55.0
      ],
      "agent_run_present": true,
      "clip_img_vs_gt_mean": 0.8531873424847921,
      "clip_img_vs_gt_max": 0.8789048194885254,
      "dinov2_vs_gt_mean": 0.438801646232605,
      "dinov2_vs_gt_max": 0.49197763204574585,
      "siglip_vs_gt_mean": 0.7418056130409241,
      "siglip_vs_gt_max": 0.7548403143882751,
      "clip_per_image": [
        0.8414422273635864,
        0.8789048194885254,
        0.8392149806022644
      ],
      "dinov2_per_image": [
        0.38957691192626953,
        0.43485039472579956,
        0.49197763204574585
      ],
      "siglip_per_image": [
        0.7548403143882751,
        0.7260962724685669,
        0.7444802522659302
      ],
      "gen_image_present": true,
      "gen_features_vs_initial": 0.5032608695652174,
      "gen_features_vs_ground_truth": 0.49667437825332567,
      "gen_per_field_vs_initial": {
        "primary_colors": 1.0,
        "materials": 0.0,
        "decorative_elements": 0.0,
        "visible_parts": 0.2,
        "finish": 1.0,